MisspelledGenus,CorrectedGenus
Abulition,Abutilon
Acasia,Acacia
Acanthephippium,Acanthophippium
Acantophippium,Acanthophippium
Achillaea,Achillea
Achyranthus,Achyranthes
Acynos,Acinos
Acmene,Acmena
Acoelorrhaphe,Acoelorraphe
Acocanthera,Acokanthera
Acrolinium,Acroclinium
Acroptilion,Acroptilon
Acrostichium,Acrostichum
Acrosticum,Acrostichum
Actea,Actaea
Actinida,Actinidia
Actinorrhytis,Actinorhytis
Adenocalymna,Adenocalymma
Adianthum,Adiantum
Aegelatis,Aegialitis
Aegylops,Aegilops
Aegiphylla,Aegiphila
Aegiphilla,Aegiphila
Aeolanthus,Aeollanthus
Aeranthus,Aeranthes
Aerua,Aerva
Aeschinanthus,Aeschynanthus
Aeschymone,Aeschynomene
Aeschyomene,Aeschynomene
Aeschinomene,Aeschynomene
Aetionema,Aethionema
Ethionema,Aethionema
Aethionaema,Aethionema
Aetusa,Aethusa
Agathea,Agathaea
Agropyrum,Agropyron
Agrostema,Agrostemma
Agyneja,Agyneia
Aigenetia,Aiginetia
Aijlanthus,Ailanthus
Ailantus,Ailanthus
Aylanthus,Ailanthus
Aylantus,Ailanthus
Aiuga,Ajuga
Allangium,Alangium
Albizzia,Albizia
Alcaea,Alcea
Aldrovandia,Aldrovanda
Alethris,Aletris
Allemanda,Allamanda
Allophyllus,Allophylus
Almeidia,Almeida
Alonzoa,Alonsoa
Alopecuris,Alopecurus
Alsodea,Alsodeia
Alstraemeria,Alstroemeria
Althea,Althaea
Althoea,Althaea
Allysum,Alyssum
Amarantus,Amaranthus
Amaryllus,Amaryllis
Amblogyne,Amblogyna
Amblyocarpon,Amblyocarpum
Amelanchior,Amelanchier
Amerimnum,Amerimnon
Amethistea,Amethystea
Ammania,Ammannia
Ampherepis,Ampherephis
Amphiraphis,Ampherephis
Amphicarpa,Amphicarpaea
Amphicarpon,Amphicarpum
Amphilobium,Amphilophium
Amydalus,Amygdalus
Amyrys,Amyris
Anagalis,Anagallis
Anagiris,Anagyris
Anarhinum,Anarrhinum
Ancylobotrys,Ancylobothrys
Andraeusia,Andreusia
Andromedia,Andromeda
Andromaeda,Andromeda
Androphilax,Androphylax
Aneimia,Anemia
Annemone,Anemone
Anigosanthos,Anigozanthos
Anigosanthus,Anigozanthos
Anigozanthes,Anigozanthos
Anigozanthus,Anigozanthos
Anygosanthes,Anigozanthos
Anisopetalum,Anisopetalon
Annesle,Anneslea
Anona,Annona
Anonna,Annona
Anaectochilus,Anoectochilus
Anthaenantia,Anthenantia
Anthocephallus,Anthocephalus
Antholiza,Antholyza
Antholysa,Antholyza
Antospermum,Anthospermum
Anthoxantum,Anthoxanthum
Anthidesma,Antidesma
Antigonum,Antigonon
Antirhinum,Antirrhinum
Anthyrinum,Antirrhinum
Antirrinum,Antirrhinum
Hapalochlamys,Apalochlamys
Aphylandra,Aphelandra
Aphyllantes,Aphyllanthes
Aphyllanthis,Aphyllanthes
Aphyllanthus,Aphyllanthes
Aponogetum,Aponogeton
Aquiligia,Aquilegia
Arrabis,Arabis
Arachys,Arachis
Arauja,Araujia
Arduinia,Arduina
Argyrea,Argyreia
Argyrocheta,Argyrochaeta
Arisema,Arisaema
Aristaea,Aristea
Arrabidea,Arrabidaea
Arrenatherum,Arrhenatherum
Arthemisia,Artemisia
Artimisia,Artemisia
Attocarpus,Artocarpus
Arthrolobium,Artrolobium
Astrolobium,Artrolobium
Arunda,Arundo
Azarum,Asarum
Ascyron,Ascyrum
Asimine,Asimina
Asiminia,Asimina
Assimina,Asimina
Asperulla,Asperula
Aspidum,Aspidium
Asterolinum,Asterolinon
Astragulus,Astragalus
Astrapea,Astrapaea
Atamantha,Athamanta
Athamantha,Athamanta
Arthrotaxus,Athrotaxis
Atractilis,Atractylis
Atragena,Atragene
Attalia,Attalea
Atylosa,Atylosia
Aubrietia,Aubrieta
Aukuba,Aucuba
Averhoa,Averrhoa
Avicenia,Avicennia
Axiris,Axyris
Azedirachta,Azadirachta
Azalaea,Azalea
Babbingtonia,Babingtonia
Bacazia,Bacasia
Bacharis,Baccharis
Baechea,Baeckea
Baeckia,Baeckea
Beckea,Baeckea
Balsamodendron,Balsamodendrum
Bancksia,Banksia
Barbaraea,Barbarea
Barkausia,Barkhausia
Boerkhausia,Barkhausia
Borkhausia,Barkhausia
Barcklya,Barklya
Baringtonia,Barringtonia
Bassella,Basella
Bazella,Basella
Battatas,Batatas
Bdallophyton,Bdallophytum
Beilschmedia,Beilschmiedia
Benincasia,Benincasa
Berberris,Berberis
Berckheya,Berkheya
Bertholetia,Bertholletia
Bertolomia,Bertolonia
Bidara,Bidaria
Biforis,Bifora
Billiardiera,Billardiera
Bilbergia,Billbergia
Binnendykia,Binnendijkia
Bischoffia,Bischofia
Bisserula,Biserrula
Blackwellia,Blakwellia
Blecnum,Blechnum
Baea,Boea
Bohemeria,Boehmeria
Boerhaavia,Boerhavia
Boerrhaavia,Boerhavia
Boerhaavia,Boerhavia
Boerhaavea,Boerhavia
Boisduvallia,Boisduvalia
Bomaria,Bomarea
Bombac,Bombax
Bonapartia,Bonapartea
Buonapartia,Bonapartea
Bonjeania,Bonjeanea
Bonnaija,Bonnaya
Buphone,Boophone
Borrago,Borago
Boronnia,Boronia
Bosia,Bosea
Botriospermum,Bothriospermum
Botryodendron,Botryodendrum
Bougainvillaea,Bougainvillea
Bugainvilea,Bougainvillea
Bugainvillaea,Bougainvillea
Bugenvillea,Bougainvillea
Buginvillaea,Bougainvillea
Bowgainvillea,Bougainvillea
Brabeyum,Brabejum
Brachychyton,Brachychiton
Brachycladus,Brachyclados
Brachycome,Brachyscome
Bradleja,Bradleia
Brasavola,Brassavola
Brasica,Brassica
Briedelia,Bridelia
Brodea,Brodiaea
Brousonnetia,Broussonetia
Browalia,Browallia
Brugmannsia,Brugmansia
Burgmansia,Brugmansia
Bruguieria,Bruguiera
Brunsfelsia,Brunfelsia
Brunichia,Brunnichia
Brunswigia,Brunsvigia
Brionia,Bryonia
Bryonica,Bryonia
Brionopsis,Bryonopsis
Bryophillum,Bryophyllum
Buchanannia,Buchanania
Buchania,Buchanania
Buddlea,Buddleja
Buddleia,Buddleja
Budlea,Buddleja
Budleia,Buddleja
Budleja,Buddleja
Buffonia,Bufonia
Bolbophyllum,Bulbophyllum
Buphtalmum,Buphthalmum
Buptalmum,Buphthalmum
Bupthalmum,Buphthalmum
Buplevrum,Bupleurum
Burchelia,Burchellia
Bourlingtonia,Burlingtonia
Bistropogon,Bystropogon
Bysteropogon,Bystropogon
Buettneria,Byttneria
Buttnera,Byttneria
Cachris,Cachrys
Coelebogyne,Caelebogyne
Coelestina,Caelestina
Coenopteris,Caenopteris
Caesalpina,Caesalpinia
Cajophora,Caiophora
Kakile,Cakile
Calladium,Caladium
Calandrina,Calandrinia
Calendrina,Calandrinia
Calathaea,Calathea
Calceoloria,Calceolaria
Caldacia,Caldasia
Calicarpa,Callicarpa
Callyphysa,Calliphysa
Calystachis,Callistachys
Calystachys,Callistachys
Callistema,Callistemma
Caluna,Calluna
Calodendron,Calodendrum
Calophaea,Calophaca
Callophyllum,Calophyllum
Calathamnus,Calothamnus
Calatropis,Calotropis
Calpurnea,Calpurnia
Calicanthus,Calycanthus
Calycantus,Calycanthus
Calypteriopetalum,Calypteriopetalon
Calistegia,Calystegia
Calythrix,Calytrix
Calixhymenia,Calyxhymenia
Camelia,Camellia
Cammellia,Camellia
Kamellia,Camellia
Companula,Campanula
Canarine,Canarina
Canavallia,Canavalia
Canabis,Cannabis
Cardiiospermum,Cardiospermum
Cardopatum,Cardopatium
Cardus,Carduus
Cargilia,Cargillia
Carmichelia,Carmichaelia
Carpentera,Carpenteria
Carthamnus,Carthamus
Casparea,Casparia
Cassinae,Cassine
Cassyta,Cassytha
Cassythia,Cassytha
Cassuarina,Casuarina
Catopodium,Catapodium
Khata,Catha
Catopheria,Catoferia
Catleya,Cattleya
Ceanotus,Ceanothus
Cedrella,Cedrela
Cedronela,Cedronella
Celthis,Celtis
Centauria,Centaurea
Centrachaena,Centrachena
Centranthrus,Centranthus
Centrosaema,Centrosema
Cephalantus,Cephalanthus
Ceroptopteris,Ceraptopteris
Cerathochloa,Ceratochloa
Ceratogonum,Ceratogonon
Cercidophyllum,Cercidiphyllum
Cercodea,Cercodia
Chaenestes,Chaenesthes
Chaenorrhinum,Chaenorhinum
Chaerophillum,Chaerophyllum
Chaerophylum,Chaerophyllum
Chamaelirion,Chamaelirium
Chamerops,Chamaerops
Chamaelaucium,Chamelaucium
Chamaeorchis,Chamorchis
Chasalia,Chassalia
Cheilanthus,Cheilanthes
Cheiramthus,Cheiranthus
Cheirantus,Cheiranthus
Cheranthus,Cheiranthus
Chioccoca,Chiococca
Clora,Chlora
Choisia,Choisya
Chondrylla,Chondrilla
Chondrylla,Chondrilla
Chondrosium,Chondrosum
Chorozema,Chorizema
Chorysema,Chorizema
Choryzema,Chorizema
Chrisanthemum,Chrysanthemum
Chrysantemum,Chrysanthemum
Chryosplenium,Chrysosplenium
Chrysostema,Chrysostemma
Chuquiragua,Chuquiraga
Chibotium,Cibotium
Chichorium,Cichorium
Cichorum,Cichorium
Cimifuga,Cimicifuga
Chincona,Cinchona
Circea,Circaea
Circium,Cirsium
Citharexilum,Citharexylum
Citharexylon,Citharexylum
Cytharexilum,Citharexylum
Cytharexylon,Citharexylum
Citarexilum,Citharexylum
Citrulus,Citrullus
Claucena,Clausena
Claviya,Clavija
Cleoma,Cleome
Clerodendron,Clerodendrum
Cliantus,Clianthus
Clyfortia,Cliffortia
Clytoria,Clitoria
Cluytia,Clutia
Cobea,Cobaea
Coboea,Cobaea
Cobbaea,Cobaea
Coburghia,Coburgia
Coccinea,Coccinia
Coccocypsilum,Coccocypselum
Coccosipsilum,Coccocypselum
Cocoloba,Coccoloba
Codieaum,Codiaeum
Caelogyne,Coelogyne
Coffaea,Coffea
Cognauxia,Cogniauxia
Colchichum,Colchicum
Colebrokia,Colebrookea
Colliguaya,Colliguaja
Colymbea,Columbea
Comelina,Commelina
Commellina,Commelina
Commelyna,Commelina
Conoclinum,Conoclinium
Conostylus,Conostylis
Convalaria,Convallaria
Convolvolus,Convolvulus
Convulvulus,Convolvulus
Coniza,Conyza
Coptospermum,Coptosperma
Corallorrhiza,Corallorhiza
Corchurus,Corchorus
Cordylina,Cordyline
Calliopsis,Coreopsis
Corrispermum,Corispermum
Cornucopia,Cornucopiae
Corraea,Correa
Corthusa,Cortusa
Coryllus,Corylus
Coripha,Corypha
Corisanthera,Corysanthera
Cosmus,Cosmos
Cossignia,Cossinia
Cossignya,Cossinia
Crategus,Crataegus
Crataeva,Crateva
Cratoeva,Crateva
Crateava,Crateva
Cratoxylon,Cratoxylum
Critmum,Crithmum
Crocasma,Crocosmia
Crocosma,Crocosmia
Crotallaria,Crotalaria
Crotolaria,Crotalaria
Crotoloria,Crotolaria
Crudya,Crudia
Crysophila,Cryosophila
Chrypsis,Crypsis
Cripsis,Crypsis
Ctyptolepis,Cryptolepis
Chryptostegia,Cryptostegia
Cubebe,Cubeba
Cuccubalis,Cucubalus
Cucurbito,Cucurbita
Cunilla,Cunila
Cuphaea,Cuphea
Cupheia,Cuphea
Cupraessus,Cupressus
Cupresus,Cupressus
Cypressus,Cupressus
Cyclantera,Cyclanthera
Cyclopea,Cyclopia
Cynanchium,Cynanchum
Cinara,Cynara
Cynaria,Cynara
Cynoglosum,Cynoglossum
Cyprepedium,Cypripedium
Cyrthanthus,Cyrtanthus
Cyrthantus,Cyrtanthus
Cistopteris,Cystopteris
Cytarexilon,Cytarexilon
Cityssus,Cytisus
Cytissus,Cytisus
Citisus,Cytisus
Czerniajevia,Czernaevia
Dacridium,Dacrydium
Dalaea,Dalea
Dalrympelia,Dalrympelea
Dalrymplea,Dalrympelea
Dantonia,Danthonia
Daphnephyllum,Daphniphyllum
Daphnophyllum,Daphniphyllum
Dasylirium,Dasylirion
Daviesa,Daviesia
Delabechia,Delabechea
Delphineum,Delphinium
Delphinum,Delphinium
Delphynium,Delphinium
Delphinophytum,Delpinophytum
Dendropthoe,Dendrophthoe
Dendrospartium,Dendrospartum
Desfontainea,Desfontainia
Desfontania,Desfontainia
Desmantus,Desmanthus
Dichorizandra,Dichorisandra
Dychorisandra,Dichorisandra
Dicrocephala,Dichrocephala
Dicrostachys,Dichrostachys
Diksonia,Dicksonia
Dictamus,Dictamnus
Dyctiandra,Dictyandra
Dictyogramma,Dictyogramme
Dyctyoneura,Dictyoneura
Didesmis,Didesmus
Didieria,Didierea
Didimocarpus,Didymocarpus
Diffenbachia,Dieffenbachia
Diervillea,Diervilla
Diervillia,Diervilla
Degraphis,Digraphis
Dimorphoteca,Dimorphotheca
Dineba,Dinebra
Dioclaea,Dioclea
Diomedia,Diomedea
Dioscoria,Dioscorea
Diospiros,Diospyros
Diospyrus,Diospyros
Diosspyros,Diospyros
Dipylleia,Diphylleia
Diplarrhena,Diplarrena
Diplazia,Diplasia
Dipterix,Dipteryx
Dodonea,Dodonaea
Daemia,Doemia
Dolichus,Dolichos
Dombeija,Dombeya
Drostenia,Dorstenia
Doryalis,Dovyalis
Dracaeana,Dracaena
Dracoena,Dracaena
Dracena,Dracaena
Draccocephalum,Dracocephalum
Dracocephalon,Dracocephalum
Dracuntium,Dracontium
Dracopsis,Dracopis
Drymia,Drimia
Drimmia,Drimia
Drymophlaeus,Drymophloeus
Dryphis,Drypis
Drypsis,Drypis
Durantia,Duranta
Duvallia,Duvalia
Dysodia,Dyssodia
Ecbalium,Ecballium
Eclypta,Eclipta
Ehrarta,Ehrharta
Erharta,Ehrharta
Ehrhardta,Ehrharta
Eichornia,Eichhornia
Eleagnus,Elaeagnus
Elais,Elaeis
Eleocarpus,Elaeocarpus
Elaeodendrum,Elaeodendron
Eleodendron,Elaeodendron
Elephanthopus,Elephantopus
Eleusina,Eleusine
Eleusyne,Eleusine
Elsholthzia,Elsholtzia
Elssholzia,Elsholtzia
Elscholzia,Elsholtzia
Emilea,Emilia
Enselia,Encelia
Engelhardtia,Engelhardia
Enset,Ensete
Entelia,Entelea
Enhydra,Enydra
Ephaedra,Ephedra
Epigea,Epigaea
Epipogum,Epipogium
Eriobotria,Eriobotrya
Eriobothrya,Eriobotrya
Eringium,Eryngium
Erysinum,Erysimum
Erisimum,Erysimum
Erithrina,Erythrina
Erythryna,Erythrina
Erithronium,Erythronium
Erythrophlaeum,Erythrophleum
Erytrorchis,Erythrorchis
Erythroriza,Erythrorhiza
Erythroxylon,Erythroxylum
Erytroxylon,Erythroxylum
Erythropyxis,Erytropyxis
Escalonia,Escallonia
Escholtzia,Eschscholzia
Eschscholtzia,Eschscholzia
Eschcholtzia,Eschscholzia
Ethuilia,Ethulia
Eucaliptus,Eucalyptus
Euchreste,Euchresta
Eugeissonia,Eugeissona
Evonimus,Euonymus
Evonymus,Euonymus
Euonimus,Euonymus
Euryclis,Eurycles
Evolvolus,Evolvulus
Excaecaria,Excoecaria
Exeocaria,Excoecaria
Exeoecaria,Excoecaria
Exocarpus,Exocarpos
Exochordia,Exochorda
Exostemma,Exostema
Faedia,Fedia
Feedia,Fedia
Fernandesia,Fernandezia
Ferdinandia,Fernandoa
Ferriola,Ferreola
Ferrula,Ferula
Fycus,Ficus
Felicium,Filicium
Fisilia,Fissilia
Fitz Roya,Fitzroya
Fitz-Roya,Fitzroya
Flemmingia,Flemingia
Flos-Copa,Floscopa
Flotowia,Flotovia
Flueggia,Flueggea
Fluggea,Flueggea
Fontainesia,Fontanesia
Forskahlea,Forsskaolea
Forskalea,Forsskaolea
Forskoelea,Forsskaolea
Forskohlea,Forsskaolea
Forskolea,Forsskaolea
Fotergilla,Fothergilla
Fothargilla,Fothergilla
Fothergillia,Fothergilla
Francisea,Franciscea
Frankoa,Francoa
Franzeria,Franseria
Fuchzia,Fuchsia
Fuschia,Fuchsia
Fourcroya,Furcraea
Furcroe,Furcraea
Furcroea,Furcraea
Gaillarda,Gaillardia
Galardia,Gaillardia
Galactodendron,Galactodendrum
Gallega,Galega
Goleobdolon,Galeobdolon
Galeopis,Galeopsis
Galinsogea,Galinsoga
Gallinsoga,Galinsoga
Gallinzoga,Galinsoga
Garcinnia,Garcinia
Gastrococcos,Gastrococos
Gaulteria,Gaultheria
Gualtheria,Gaultheria
Gavra,Gaura
Gailussacea,Gaylussacia
Gentianea,Gentiana
Geoffroya,Geoffroea
Georgine,Georgina
Gesnera,Gesneria
Gessneria,Gesneria
Guevinia,Gevuina
Gigantochlea,Gigantochloa
Gillia,Gilia
Gincko,Ginkgo
Gingko,Ginkgo
Ginko,Ginkgo
Girardiana,Girardinia
Girroniera,Gironniera
Giesekia,Gisekia
Glecoma,Glechoma
Gledistchia,Gleditsia
Gleditchia,Gleditsia
Gleditschia,Gleditsia
Gleditzia,Gleditsia
Gleniea,Glenniea
Glotiphyllum,Glottiphyllum
Gloxinea,Gloxinia
Gloxynia,Gloxinia
Glicine,Glycine
Glycina,Glycine
Glycirrhiza,Glycyrrhiza
Glycyrhiza,Glycyrrhiza
Glyzirrhiza,Glycyrrhiza
Glyzyrrhiza,Glycyrrhiza
Gomeza,Gomesa
Gomphraena,Gomphrena
Gonphrena,Gomphrena
Goodiera,Goodyera
Gossipium,Gossypium
Govania,Gouania
Gramanthes,Grammanthes
Graphophyllum,Graptophyllum
Grevillia,Grevillea
Grewillea,Grevillea
Grevia,Grewia
Gronowia,Gronovia
Guldenstaedtia,Gueldenstaedtia
Guilandia,Guilandina
Guilandma,Guilandina
Guzmannia,Guzmania
Gymnogramme,Gymnogramma
Gymnoloma,Gymnolomia
Gymnothrix,Gymnotrix
Gynochtodes,Gynochthodes
Gynopachys,Gynopachis
Gypsophilla,Gypsophila
Gypsophyla,Gypsophila
Gypsophylla,Gypsophila
Gysophila,Gypsophila
Habrotamnus,Habrothamnus
Habrotamus,Habrothamnus
Haemantus,Haemanthus
Haemathoxylon,Haematoxylum
Haematoxylon,Haematoxylum
Hematoxylon,Haematoxylum
Halezia,Halesia
Hallesia,Halesia
Halaesia,Halesia
Haleria,Halleria
Halloragis,Haloragis
Halorrhagis,Haloragis
Hamellia,Hamelia
Aplolophium,Haplolophium
Aplopappus,Haplopappus
Hebenstreitia,Hebenstretia
Hechtea,Hechtia
Haedera,Hedera
Edychium,Hedychium
Hedichium,Hedychium
Hedychion,Hedychium
Hedyotes,Hedyotis
Hedipnois,Hedypnois
Hedisarum,Hedysarum
Hedysarium,Hedysarum
Elichrysum,Helichrysum
Elychrysum,Helichrysum
Elychrisum,Helichrysum
Helychrysum,Helichrysum
Helycrysum,Helichrysum
Eliconia,Heliconia
Helicteris,Helicteres
Heliocarpos,Heliocarpus
Heliophyla,Heliophila
Heliophylla,Heliophila
Heleborus,Helleborus
Helmintostachys,Helminthostachys
Hemerocalis,Hemerocallis
Hemistylis,Hemistylus
Heritieria,Heritiera
Hermania,Hermannia
Herpestes,Herpestis
Hesperoaloe,Hesperaloe
Hesperanthia,Hesperantha
Heterodendron,Heterodendrum
Heteropteris,Heteropterys
Heterospermum,Heterosperma
Heucheria,Heuchera
Heynia,Heynea
Hierochloa,Hierochloe
Hierocloa,Hierochloe
Hyppocrepis,Hippocrepis
Hypocrepis,Hippocrepis
Hippophaea,Hippophae
Hippophea,Hippophae
Hyppophae,Hippophae
Hoffmanseggia,Hoffmannseggia
Holbolia,Holboellia
Hollboellia,Holboellia
Haloptelaea,Holoptelea
Hollosteum,Holosteum
Holtzendorfia,Holtzendorffia
Omalanthes,Homalanthus
Hoorobekia,Hoorebekia
Horminium,Horminum
Houlettia,Houlletia
Houstonea,Houstonia
Heurnia,Huernia
Heurniopsis,Huerniopsis
Hunnemania,Hunnemannia
Hunnimannia,Hunnemannia
Hutschinsia,Hutchinsia
Hyacynthus,Hyacinthus
Hyacintus,Hyacinthus
Hydrangaea,Hydrangea
Hydrastris,Hydrastis
Hydrochaeris,Hydrocharis
Hydrocaris,Hydrocharis
Hydrocles,Hydrocleys
Hydrocotylae,Hydrocotyle
Hydrophyllon,Hydrophyllum
Hymenea,Hymenaea
Hymoenea,Hymenaea
Hymenocarpus,Hymenocarpos
Hymenoxis,Hymenoxys
Hyociamus,Hyoscyamus
Hyphaena,Hyphaene
Hypocalymna,Hypocalymma
Hypocheris,Hypochaeris
Hypochoeris,Hypochaeris
Hypelytrum,Hypolytrum
Jnula,Inula
Jochroma,Iochroma
Jonidium,Ionidium
Ionopsidion,Ionopsidium
Ipomaea,Ipomoea
Ipomea,Ipomoea
Ischoemum,Ischaemum
Isica,Isika
Isnarda,Isnardia
Isolepsis,Isolepis
Isopirum,Isopyrum
Iacquinia,Jacquinia
Jacquinea,Jacquinia
Jamboza,Jambosa
Iasione,Jasione
Iasminum,Jasminum
Jasminium,Jasminum
Jathropha,Jatropha
Jatropa,Jatropha
Jesenia,Jessenia
Teijsmannia,Johannesteijsmannia
Jollifia,Joliffia
Ionesia,Jonesia
Juannulloa,Juanulloa
Jubea,Jubaea
Iuglans,Juglans
Julostylus,Julostylis
Iuncus,Juncus
Jussieua,Jussiaea
Jussieva,Jussiaea
Iusticia,Justicia
Kampferia,Kaempferia
Kempferia,Kaempferia
Calanchoe,Kalanchoe
Calimeris,Kalimeris
Kennedya,Kennedia
Kerrya,Kerria
Kibessa,Kibessia
Kicksia,Kickxia
Kigellaria,Kiggelaria
Kiggellaria,Kiggelaria
Killingia,Killinga
Kitaibela,Kitaibelia
Kitaibella,Kitaibelia
Kleinhofia,Kleinhovia
Koelreutheria,Koelreuteria
Koelruteria,Koelreuteria
Kolreutera,Koelreuteria
Kolreuteria,Koelreuteria
Kyllingia,Kyllinga
Lachnea,Lachnaea
Lagarostrobus,Lagarostrobos
Lagasca,Lagascea
Lagerstraemia,Lagerstroemia
Lagerstromia,Lagerstroemia
Lagestremia,Lagerstroemia
Lagunaea,Laguna
Lapeyrosia,Lapeirousia
Lapeyrousia,Lapeirousia
Lapeyrousia,Lapeirousia
Lardizabalia,Lardizabala
Larrhaea,Larrea
Lastraea,Lastrea
Lathrea,Lathraea
Lathirus,Lathyrus
Lavradia,Lauradia
Laurocerasus,Lauro-cerasus
Lavendula,Lavandula
Lavateria,Lavatera
Lausonia,Lawsonia
Lechenaultia,Lechenaultia
Liophyllum,Leiophyllum
Leitnera,Leitneria
Leonorus,Leonurus
Leopoldina,Leopoldinia
Lepargyraea,Lepargyrea
Leptactinia,Leptactina
Leptorrhynchus,Leptorhynchos
Lechenaultia,Leschenaultia
Lespedezia,Lespedeza
Lestiboudesia,Lestibudesia
Lettsonia,Lettsomia
Leucadendrum,Leucadendron
Leucodendron,Leucadendron
Leucena,Leucaena
Leuceria,Leucheria
Leuchaeria,Leucheria
Leucharia,Leucheria
Leucacephala,Leucocephala
Levcojum,Leucojum
Leycestera,Leycesteria
Leyssera,Leysera
Lhotzkya,Lhotskya
Lillium,Lilium
Lindsaya,Lindsaea
Linnea,Linnaea
Linnum,Linum
Liquidamber,Liquidambar
Liquidembar,Liquidambar
Liriodendrum,Liriodendron
Lyriodendron,Liriodendron
Lisianthus,Lisianthius
Listeria,Listera
Lithosanthes,Litosanthes
Litsaea,Litsea
Littoea,Littaea
Livistonia,Livistona
Lochennia,Lochemia
Loeflingiana,Loeflingia
Lomendra,Lomandra
Longchampsia,Longchampia
Lopesia,Lopezia
Lucullia,Luculia
Ludvigia,Ludwigia
Lufa,Luffa
Lumnizera,Lumnitzera
Lunnaria,Lunaria
Lusula,Luzula
Lychnanthus,Lychnanthos
Leychnis,Lychnis
Lichnis,Lychnis
Lycopersicum,Lycopersicon
Lxcopus,Lycopus
Lysemachia,Lysimachia
Lytrum,Lythrum
Maakia,Maackia
Macleana,Macleania
Macleya,Macleaya
Macrochordium,Macrochordion
Macrotropus,Macrotropis
Marjorana,Majorana
Malcomia,Malcolmia
Malpigia,Malpighia
Malphigia,Malpighia
Mamillaria,Mammillaria
Mandevillea,Mandevilla
Manisurus,Manisuris
Marantha,Maranta
Marcgraavia,Marcgravia
Margyrocarpus,Margyricarpus
Marliera,Marlierea
Marubium,Marrubium
Marcilea,Marsilea
Marsilaea,Marsilea
Marsilia,Marsilea
Marsypianthus,Marsypianthes
Martinesia,Martinezia
Mathiola,Matthiola
Maurandia,Maurandya
Maitenus,Maytenus
Mecanopsis,Meconopsis
Melanthes,Melanthesa
Mellanthus,Melianthus
Mellianthus,Melianthus
Melilota,Melilotus
Melitis,Melittis
Mellitis,Melittis
Menospermum,Menispermum
Menta,Mentha
Menianthes,Menyanthes
Menziesa,Menziesia
Menziesta,Menziesia
Menziezia,Menziesia
Mesembrianthemum,Mesembryanthemum
Melpilus,Mespilus
Mespylus,Mespilus
Mesphilus,Mespilus
Messerchmidia,Messerschmidia
Messerschmidtia,Messerschmidia
Messua,Mesua
Metrosederos,Metrosideros
Mezoneurum,Mezoneuron
Mezzetia,Mezzettia
Michellia,Michelia
Micrantella,Micranthella
Microcale,Microcala
Micromelium,Micromelum
Microsorium,Microsorum
Millium,Milium
Milletia,Millettia
Milingtonia,Millingtonia
Mischophlaeus,Mischophloeus
Mitchellia,Mitchella
Mittella,Mitella
Mitracarpum,Mitracarpus
Moerhingia,Moehringia
Moeringia,Moehringia
Mongorium,Mogorium
Molugo,Mollugo
Molucella,Moluccella
Mollucella,Moluccella
Monieria,Moniera
Monogramme,Monogramma
Montagnea,Montanoa
Morea,Moraea
Moscaria,Moscharia
Mouriria,Mouriri
Muhlenbeckia,Muehlenbeckia
Mullera,Muellera
Muehlenbergia,Muhlenbergia
Mukea,Mukia
Murraea,Murraya
Murucuja,Murucuia
Musenda,Mussaenda
Mussenda,Mussaenda
Mionima,Myonima
Myosotidum,Myosotidium
Mirica,Myrica
Myriophillum,Myriophyllum
Myrrhinum,Myrrhinium
Myrsiphylum,Myrsiphyllum
Naias,Najas
Nayas,Najas
Nannorhops,Nannorrhops
Naragamia,Naregamia
Nemophyla,Nemophila
Nemophylla,Nemophila
Neotia,Neottia
Nereum,Nerium
Nonnea,Nonea
Noronhaea,Noronhia
Noronhea,Noronhia
Notelea,Notelaea
Notaphoebe,Nothaphoebe
Nothochlaena,Notholaena
Notochlaena,Notholaena
Nuttalia,Nuttallia
Nectanthes,Nyctanthes
Nictanthes,Nyctanthes
Nyctantes,Nyctanthes
Nyctanthus,Nyctanthes
Nimphaea,Nymphaea
Nymphea,Nymphaea
Nymphoea,Nymphaea
Ochrocarpus,Ochrocarpos
Ocymum,Ocimum
Aenanthe,Oenanthe
Aenothera,Oenothera
Oenotera,Oenothera
Oliviera,Oliveria
Omphalopthalma,Omphalophthalma
Oncydium,Oncidium
Onopordon,Onopordum
Ophioglosum,Ophioglossum
Ophiorhiza,Ophiorrhiza
Ophioxylum,Ophioxylon
Ophiurus,Ophiuros
Orchys,Orchis
Oreganum,Origanum
Orythyia,Orithyia
Ornithagalum,Ornithogalum
Oroxylon,Oroxylum
Orthosanthus,Orthrosanthus
Orthrosanthes,Orthrosanthus
Oriza,Oryza
Othona,Othonna
Othonma,Othonna
Oxibaphus,Oxybaphus
Oxicoccus,Oxycoccus
Pachyrrhizus,Pachyrhizus
Pachisandra,Pachysandra
Poeonia,Paeonia
Palava,Palaua
Palavia,Palaua
Palicuria,Palicourea
Palicouria,Palicourea
Paliuris,Paliurus
Panaeta,Panaetia
Pancreatium,Pancratium
Paradisia,Paradisea
Parinarium,Parinari
Paronichia,Paronychia
Parosella,Parosela
Paschalia,Pascalia
Paspalus,Paspalum
Paulinia,Paullinia
Payenia,Payena
Pedylanthes,Pedilanthus
Peltogine,Peltogyne
Pentastemon,Penstemon
Pentstemon,Penstemon
Pentacondra,Pentachondra
Pentapethes,Pentapetes
Pentarhaphia,Pentaraphia
Pentorum,Penthorum
Peireskia,Pereskia
Peireskiopsis,Pereskiopsis
Peribalia,Periballia
Peristylis,Peristylus
Pernettia,Pernettya
Perowskia,Perovskia
Personia,Persoonia
Petalostemum,Petalostemon
Petiviera,Petiveria
Petraea,Petrea
Petrophila,Petrophile
Petrophylla,Petrophile
Petrosilinum,Petroselinum
Petroselium,Petroselinum
Phoenocoma,Phaenocoma
Phajus,Phaius
Pharbites,Pharbitis
Phaylopsis,Phaulopsis
Phellandrum,Phellandrium
Phaenacospermum,Phenakospermum
Phillyraea,Phillyrea
Philyrea,Phillyrea
Phyllirea,Phillyrea
Phyllyrea,Phillyrea
Phylidrum,Philydrum
Phlaeum,Phleum
Plox,Phlox
Phaebe,Phoebe
Phoenicophorum,Phoenicophorium
Phaenix,Phoenix
Phornium,Phormium
Pormium,Phormium
Phragmitis,Phragmites
Philica,Phylica
Phylanthus,Phyllanthus
Phyllantus,Phyllanthus
Phyllolobum,Phyllolobium
Physallis,Physalis
Physochlaena,Physochlaina
Phytelaphas,Phytelephas
Phyteumea,Phyteuma
Phytolaca,Phytolacca
Pimelia,Pimelea
Pimeledendron,Pimelodendron
Pinckneia,Pinckneya
Pinkneya,Pinckneya
Pingvicula,Pinguicula
Pistachia,Pistacia
Pitcarnia,Pitcairnia
Pithecolobium,Pithecellobium
Plagiolobum,Plagiolobium
Plantanus,Platanus
Platilobium,Platylobium
Plectantrus,Plectranthus
Pleiogynum,Pleiogynium
Phleocnemia,Pleocnemia
Pleurothalis,Pleurothallis
Plumeiria,Plumeria
Plumiera,Plumeria
Plumieria,Plumeria
Podaliria,Podalyria
Podolepsis,Podolepis
Pogantherum,Pogonatherum
Pogostemum,Pogostemon
Poinciania,Poinciana
Poincettia,Poinsettia
Poinsetia,Poinsettia
Polianthus,Polianthes
Polyanthes,Polianthes
Polyalthea,Polyalthia
Polyanthos,Polyanthes
Polycolymna,Polycalymma
Polychilus,Polychilos
Polychnemum,Polycnemum
Polipodium,Polypodium
Polytricum,Polytrichum
Pomaderis,Pomaderris
Pommereula,Pommereulla
Pongonia,Pongamia
Pontedera,Pontederia
Poppia,Poppya
Porliera,Porlieria
Pourliera,Porlieria
Porleria,Porlieria
Portulacca,Portulaca
Pontentilla,Potentilla
Potomorphe,Pothomorphe
Pouzolsia,Pouzolzia
Prenanthus,Prenanthes
Prescotia,Prescottia
Proiphis,Proiphys
Prostantera,Prostanthera
Pseudocalymna,Pseudocalymma
Pseudo-Capsicum,Pseudocapsicum
Pseudo-Larix,Pseudolarix
Psilocarpus,Psilocarphus
Psilotium,Psilotum
Psoralia,Psoralea
Psorallea,Psoralea
Psychothria,Psychotria
Ptelia,Ptelea
Pteroneuron,Pteroneurum
Ptychorhaphis,Ptychoraphis
Ptycosperma,Ptychosperma
Ptichosperma,Ptychosperma
Punicum,Punica
Puskinia,Puschkinia
Picnanthemum,Pycnanthemum
Pygmaea,Pygmea
Pyrrhocoma,Pyrrocoma
Pirus,Pyrus
Quillaia,Quillaja
Quillaya,Quillaja
Quillaia,Quillaja
Rhabdochloa,Rabdochloa
Rhachicallis,Rachicallis
Rhaphanus,Raphanus
Rauwolfia,Rauvolfia
Rawolfia,Rauvolfia
Reaumurea,Reaumuria
Redutea,Redoutea
Reineckia,Reineckea
Retinospora,Retinispora
Ragadiolus,Rhagadiolus
Raphiolepis,Rhaphiolepis
Rhaphidophyllum,Rhapidophyllum
Rhipidodendron,Rhipidodendrum
Rhododendrum,Rhododendron
Rhodotypus,Rhodotypos
Rhaeo,Rhoeo
Rhomboelytrum,Rhombolytrum
Rhyncocarpa,Rhynchocarpa
Rynchosia,Rhynchosia
Rynchospora,Rhynchospora
Rhynchothecum,Rhynchotechum
Riedleia,Riedlea
Rhipogonum,Ripogonum
Rivinia,Rivina
Roeslea,Roezlia
Rhodea,Rohdea
Roripa,Rorippa
Rothboellia,Rottboellia
Rotboellia,Rottboellia
Rottbaellia,Rottboellia
Rotbolla,Rottboellia
Rottboella,Rottboellia
Rottbolia,Rottboellia
Rottbolla,Rottboellia
Rottbollia,Rottboellia
Rhopala,Roupala
Roxburgia,Roxburghia
Royenna,Royena
Rudbekia,Rudbeckia
Russellia,Russelia
Ryanea,Ryania
Rhyssopterys,Ryssopterys
Sabbatia,Sabatia
Saccolobium,Saccolabium
Sagitaria,Sagittaria
Sagguerus,Saguerus
Zalakka,Salacca
Salysburia,Salisburia
Salvinea,Salvinia
Samida,Samyda
Sangvisorba,Sanguisorba
Sanseveria,Sansevieria
Sanseverina,Sansevieria
Sanseviera,Sansevieria
Senseveiria,Sansevieria
Sarcostema,Sarcostemma
Sarracena,Sarracenia
Saturea,Satureja
Satureia,Satureja
Saurauja,Saurauia
Sauravia,Saurauia
Saxe Gothaea,Saxegothaea
Saxe-Gothaea,Saxegothaea
Saxegothea,Saxegothaea
Saxogothaea,Saxegothaea
Scheelia,Scheelea
Scheffleria,Schefflera
Schizandra,Schisandra
Schysandra,Schisandra
Schievreckia,Schivereckia
Scizopetalon,Schizopetalon
Schizopetalum,Schizopetalon
Schuria,Schkuhria
Schmiedelia,Schmidelia
Schaenanthus,Schoenanthus
Schaenus,Schoenus
Scoenus,Schoenus
Schottia,Schotia
Scubertia,Schubertia
Szubertia,Schubertia
Schwenkia,Schwenckia
Schleranthus,Scleranthus
Sclaerocarpus,Sclerocarpus
Scolopendrum,Scolopendrium
Scorsonera,Scorzonera
Scrofularia,Scrophularia
Scropularia,Scrophularia
Scutillaria,Scutellaria
Scuttelaria,Scutellaria
Scypanthus,Scyphanthus
Seafortia,Seaforthia
Sebastiana,Sebastiania
Selinicereus,Selenicereus
Semicarpus,Semecarpus
Senbiera,Senebiera
Senecillus,Senecillis
Sequoja,Sequoia
Sequoiadendrum,Sequoiadendron
Seriana,Serjania
Sesbana,Sesbania
Sessleria,Sesleria
Setcreasia,Setcreasea
Sheferdia,Shepherdia
Scherardia,Sherardia
Sycios,Sicyos
Siderodendron,Siderodendrum
Sideroxylum,Sideroxylon
Siegesbeckia,Sigesbeckia
Sylphium,Silphium
Sylphyum,Silphium
Silbium,Silybum
Sylibum,Silybum
Syllibum,Silybum
Simaruba,Simarouba
Sinapsis,Sinapis
Syphocampylus,Siphocampylus
Siphocampilus,Siphocampylus
Sysimbrium,Sisymbrium
Sisimbrium,Sisymbrium
Sisyrrhinchium,Sisyrinchium
Sisyrinchum,Sisyrinchium
Sysyrinchium,Sisyrinchium
Skimmea,Skimmia
Smilacena,Smilacina
Smillax,Smilax
Smirnium,Smyrnium
Smyrium,Smyrnium
Soya,Soja
Solanandra,Solenandria
Sonerilla,Sonerila
Sowerbea,Sowerbaea
Sparmania,Sparmannia
Spermacoceae,Spermacoce
Spermaxyron,Spermaxyrum
Sphaeranhus,Sphaeranthus
Sphoeranthus,Sphaeranthus
Sphaerocarpus,Sphaerocarpos
Sphaerosphysa,Sphaerophysa
Sphaerostemma,Sphaerostema
Sphenodesma,Sphenodesme
Sphaenogyne,Sphenogyne
Spigella,Spigelia
Spilanthus,Spilanthes
Spillanthus,Spilanthes
Spinacea,Spinacia
Spinachia,Spinacia
Spirea,Spiraea
Spyranthes,Spiranthes
Spyronema,Spironema
Sporabolus,Sporobolus
Sporolobus,Sporobolus
Sporobulus,Sporobolus
Spreikelia,Sprekelia
Stachis,Stachys
Stachitarpheta,Stachytarpheta
Stachytarpha,Stachytarpheta
Stadmannia,Stadtmannia
Staechelina,Staehelina
Sthaehelina,Staehelina
Stahaelina,Staehelina
Staehlina,Staehelina
Stapellia,Stapelia
Staphylaea,Staphylea
Staphyllea,Staphylea
Staphillea,Staphylea
Staurocanthus,Stauracanthus
Sterospermum,Stereospermum
Stewia,Stevia
Stuartia,Stewartia
Stigmaphyllum,Stigmaphyllon
Stigmatophyllon,Stigmaphyllon
Stilingia,Stillingia
Strangwaysia,Stranvaesia
Streblorhiza,Streblorrhiza
Strelitza,Strelitzia
Strobilantes,Strobilanthes
Stylosantes,Stylosanthes
Stiphelia,Styphelia
Sueda,Suaeda
Succovia,Succowia
Suckowia,Succowia
Sucowia,Succowia
Swainsonia,Swainsona
Schwertia,Swertia
Svida,Swida
Symphoricarpus,Symphoricarpos
Symphorocarpus,Symphoricarpos
Symphiandra,Symphyandra
Sympholoma,Symphyoloma
Symphyostemum,Symphyostemon
Symphysocarpus,Symphysicarpus
Symphitum,Symphytum
Simplocos,Symplocos
Syrynga,Syringa
Tabernamontana,Tabernaemontana
Tabernemontana,Tabernaemontana
Tachygalia,Tachigali
Taxonia,Tacsonia
Tamonia,Tamonea
Tanasetum,Tanacetum
Tecophylaea,Tecophilaea
Tectonia,Tectona
Telfaira,Telfairia
Telopia,Telopea
Thephrosia,Tephrosia
Ternstromia,Ternstroemia
Tetragona,Tetragonia
Tetrapteris,Tetrapterys
Thelygonum,Theligonum
Theophrastera,Theophrasta
Thespesea,Thespesia
Thujaecarpus,Thuiaecarpus
Thuia,Thuja
Thuya,Thuja
Thuiopsis,Thujopsis
Thuyopsis,Thujopsis
Thumbergia,Thunbergia
Thyssanolaena,Thysanolaena
Thysanothus,Thysanotus
Tigrida,Tigridia
Tigridiae,Tigridia
Tordyllium,Tordylium
Tordilium,Tordylium
Torena,Torenia
Turnefortia,Tournefortia
Trachaelium,Trachelium
Trewia,Trevia
Tryanthema,Trianthema
Tricholaeana,Tricholaena
Trycholaena,Tricholaena
Thrichomanes,Trichomanes
Tricosanthes,Trichosanthes
Trichosperma,Trichospermum
Trichyrtis,Tricyrtis
Triopteris,Triopterys
Trypsacum,Tripsacum
Tritomia,Tritoma
Trittonia,Tritonia
Trolius,Trollius
Tropeolum,Tropaeolum
Tropoeolum,Tropaeolum
Tulbagia,Tulbaghia
Tulbachia,Tulbaghia
Turbinia,Turbina
Turgosia,Turgosea
Turneraea,Turnera
Turneria,Turnera
Thypha,Typha
Tipha,Typha
Uraena,Urena
Uropetalum,Uropetalon
Uroskinneria,Uroskinnera
Urvillaea,Urvillea
Ustera,Usteria
Vachelia,Vachellia
Vaillantia,Valantia
Vallantia,Valantia
Valleriana,Valeriana
Valisneria,Vallisneria
Valorada,Valoradia
Vanguiera,Vangueria
Velleja,Velleia
Veilthemia,Veltheimia
Velthemia,Veltheimia
Venedium,Venidium
Verbascus,Verbascum
Verbesinia,Verbesina
Verbisina,Verbesina
Verea,Vereia
Vesalia,Vesalea
Vessicaria,Vesicaria
Vicarija,Vicarya
Villebrunnia,Villebrunea
Visiana,Visiania
Vismea,Vismia
Vittadenia,Vittadinia
Volcameria,Volkameria
Vohiria,Voyria
Vriesia,Vriesea
Wachendorffia,Wachendorfia
Waldstenia,Waldsteinia
Warscewiczella,Warczewiczella
Warscewiczia,Warszewiczia
Weigelia,Weigela
Wiegelia,Weigela
Westeringia,Westringia
Whitefieldia,Whitfieldia
Wickstroemia,Wikstroemia
Winterania,Winterana
Wistaria,Wisteria
Wodyettia,Wodyetia
Woodvardia,Woodwardia
Wurmbaea,Wurmbea
Xanthoriza,Xanthorhiza
Zanthoriza,Xanthorhiza
Zanthorrhiza,Xanthorhiza
Xanthorrhiza,Xanthorhiza
Xanthophthalmum,Xantophtalmum
Ximinesia,Ximenesia
Xiphium,Xiphion
Xilophylla,Xylophylla
Xylosteum,Xylosteon
Zacyntha,Zacintha
Zanichelia,Zannichellia
Zanichellia,Zannichellia
Xanthoxalum,Zanthoxylum
Xanthoxylon,Zanthoxylum
Xanthoxylum,Zanthoxylum
Zanthoxilum,Zanthoxylum
Zanthoxylon,Zanthoxylum
Zapania,Zappania
Zauschnera,Zauschneria
Zelkowa,Zelkova
Zephyrantes,Zephyranthes
Zephyranthus,Zephyranthes
Zephiranthes,Zephyranthes
Zichia,Zichya
Zygadenus,Zigadenus
Zinziber,Zingiber
Zizyphora,Ziziphora
Zizyphus,Ziziphus
